{"cameraMode":{"drawMode":0,"name":"Shaded","section":"Shading Mode"},"sceneLighting":true,"audioPlay":false,"sceneViewState":{"showFog":true,"showMaterialUpdate":true,"showSkybox":true,"showFlares":true,"showImageEffects":true,"showParticleSystems":true},"in2DMode":false,"pivot":{"x":-3.940000057220459,"y":0.8090000152587891,"z":22.912458419799806},"rotation":{"x":-0.24353741109371186,"y":-0.10508589446544647,"z":0.026553116738796235,"w":-0.9638161063194275},"size":57.957923889160159,"orthographic":false}