{"cameraMode":{"drawMode":0,"name":"Shaded","section":"Shading Mode"},"sceneLighting":true,"audioPlay":false,"sceneViewState":{"showFog":true,"showMaterialUpdate":false,"showSkybox":true,"showFlares":true,"showImageEffects":true,"showParticleSystems":true},"in2DMode":false,"pivot":{"x":0.0,"y":0.9089999198913574,"z":0.5935100317001343},"rotation":{"x":-0.005892984569072723,"y":0.9363975524902344,"z":-0.01574207842350006,"w":-0.3505384624004364},"size":3.2920992374420168,"orthographic":false}