{"cameraMode":{"drawMode":0,"name":"Shaded","section":"Shading Mode"},"sceneLighting":false,"audioPlay":false,"sceneViewState":{"showFog":true,"showMaterialUpdate":false,"showSkybox":true,"showFlares":true,"showImageEffects":true,"showParticleSystems":true},"in2DMode":false,"pivot":{"x":0.0,"y":0.8799999952316284,"z":4.151000022888184},"rotation":{"x":0.07698450982570648,"y":-0.2136576771736145,"z":0.016890965402126313,"w":0.9737240672111511},"size":0.4041655659675598,"orthographic":false}